Date,Pitcher,Pick,Line,Actual_K,Result,Matchup,Actual_IP
2026-06-27,Chase Burns,O 6.5,,10.0,WIN,CIN @ PIT,6.0
2026-06-27,Yoshinobu Yamamoto,U 6.5,,4.0,WIN,LAD @ SD,6.0
2026-06-27,Randy Vásquez,O 3.5,,1.0,LOSS,LAD @ SD,3.1
2026-06-27,Jared Jones,O 5.5,,4.0,LOSS,CIN @ PIT,4.2
2026-07-03,Anthony Kay,U 4.5,4.5,2.0,WIN,CWS @ CLE,4.0
2026-07-03,Jack Perkins,U 4.5,4.5,8.0,LOSS,MIA @ ATH,3.2
2026-07-03,Gerrit Cole,U 5.5,5.5,7.0,LOSS,MIN @ NYY,5.0
2026-07-03,Mike Paredes,U 3.5,3.5,2.0,WIN,MIN @ NYY,4.0
2026-07-03,Ryan Feltner,O 3.5,3.5,9.0,WIN,SF @ COL,6.0
2026-07-03,Tyler Phillips,U 3.5,3.5,2.0,WIN,MIA @ ATH,3.1
2026-07-03,Andre Pallante,O 3.5,3.5,3.0,LOSS,STL @ CHC,5.2
2026-07-03,Kyle Harrison,O 5.5,5.5,3.0,LOSS,MIL @ AZ,2.2
2026-07-03,Foster Griffin,O 5.5,5.5,2.0,LOSS,PIT @ WSH,5.0
2026-07-03,Christian Scott,O 4.5,4.5,7.0,WIN,NYM @ ATL,4.0
2026-07-03,Gavin Williams,O 6.5,6.5,6.0,LOSS,CWS @ CLE,4.2
2026-07-03,Brady Singer,U 4.5,4.5,6.0,LOSS,BAL @ CIN,5.0
2026-07-03,Trevor Rogers,O 5.5,5.5,4.0,LOSS,BAL @ CIN,5.0
2026-07-03,Jose Cabrera,U 3.5,3.5,3.0,WIN,MIL @ AZ,3.1
2026-07-03,Mitch Keller,O 3.5,3.5,1.0,LOSS,PIT @ WSH,6.0
2026-07-03,Spencer Arrighetti,O 5.5,5.5,4.0,LOSS,TB @ HOU,6.0
2026-07-03,Grant Holmes,O 4.5,4.5,2.0,LOSS,NYM @ ATL,5.0
2026-06-27,Cal Quantrill,O 1.5,,5.0,WIN,TEX @ TOR,4.0
2026-06-27,Kyle Harrison,O 5.5,,9.0,WIN,CHC @ MIL,5.0
2026-06-27,David Peterson,U 4.5,,2.0,WIN,CHC @ MIL,5.2
2026-06-27,Framber Valdez,O 4.5,,2.0,LOSS,HOU @ DET,6.0
2026-06-27,Bryce Elder,O 4.5,,4.0,LOSS,ATL @ SF,4.0
2026-06-27,Kai-Wei Teng,U 4.5,,1.0,WIN,HOU @ DET,3.1
2026-06-27,Logan Webb,O 5.5,,6.0,WIN,ATL @ SF,5.2
2026-06-27,Slade Cecconi,O 4.5,,4.0,LOSS,SEA @ CLE,6.0
2026-06-27,Ryan Gusto,U 3.5,,4.0,LOSS,MIA @ STL,3.1
2026-06-27,Andre Pallante,O 4.5,,4.0,LOSS,MIA @ STL,6.2
2026-06-27,Foster Griffin,O 6.5,,9.0,WIN,WSH @ BAL,6.0
2026-06-27,Brandon Young,U 4.5,,8.0,LOSS,WSH @ BAL,5.0
2026-06-27,Cole Sulser,U 2.5,,1.0,WIN,AZ @ TB,2.0
2026-06-27,Jose Cabrera,U 3.5,,4.0,LOSS,AZ @ TB,5.0
2026-06-27,Mike Paredes,U 3.5,,2.0,WIN,COL @ MIN,5.1
2026-06-27,Michael Lorenzen,U 4.5,,1.0,WIN,COL @ MIN,5.2
2026-07-03,Dylan Cease,O 7.5,7.5,9.0,WIN,TOR @ SEA,7.0
2026-07-03,Reid Detmers,O 6.5,6.5,5.0,LOSS,BOS @ LAA,5.0
2026-06-27,Reid Detmers,O 6.5,,8.0,WIN,ATH @ LAA,5.2
2026-06-27,Gerrit Cole,U 5.5,,5.0,LOSS,NYY @ BOS,5.1
2026-06-27,Jack Perkins,U 5.5,,5.0,WIN,ATH @ LAA,5.0
2026-06-27,Michael Wacha,O 4.5,,7.0,WIN,KC @ CWS,7.2
2026-06-27,Alan Rangel,O 3.5,,4.0,WIN,PHI @ NYM,4.9
2026-06-27,Davis Martin,O 5.5,,3.0,LOSS,KC @ CWS,5.1
2026-06-27,Dylan Cease,O 7.5,,10.0,WIN,TEX @ TOR,4.2
2026-07-03,David Peterson,U 4.5,4.5,3.0,WIN,STL @ CHC,3.2
2026-06-27,Christian Scott,O 4.5,,6.0,WIN,PHI @ NYM,4.1
2026-07-03,Nick Martinez,U 4.5,4.5,3.0,WIN,TB @ HOU,5.1
2026-06-26,Miles Mikolas,U 3.5,,1.0,WIN,,3.1
2026-06-18,Seth Lugo,U 6.5,,5.0,WIN,,6.0
2026-06-18,Landen Roupp,O 5.5,,7.0,WIN,,6.0
2026-06-18,Bubba Chandler,U 4.5,,1.0,WIN,,6.0
2026-06-18,Rhett Lowder,U 4.5,,5.0,LOSS,,5.1
2026-06-18,Connor Prielipp,O 3.5,,4.0,WIN,,6.0
2026-06-18,José Soriano,O 3.5,,6.0,WIN,,5.0
2026-06-18,Ranger Suarez,U 5.5,,5.0,WIN,,6.2
2026-06-18,Kyle Freeland,U 4.5,,8.0,LOSS,,7.1
2026-06-18,Martín Pérez,O 3.5,,5.0,WIN,,6.0
2026-06-18,Roki Sasaki,U 5.5,,6.0,LOSS,,5.2
2026-06-18,Bryce Miller,O 4.5,,7.0,WIN,,5.0
2026-06-18,Tarik Skubal,O 6.5,,8.0,WIN,,5.2
2026-06-18,Trey Gibson,U 3.5,,8.0,LOSS,,5.0
2026-06-18,Ben Brown,U 4.5,,4.0,WIN,,6.0
2026-06-18,Jeffrey Springs,O 4.5,,4.0,LOSS,,3.2
2026-06-18,Randy Vásquez,O 3.5,,6.0,WIN,,3.1
2026-06-16,Logan Gilbert,O 6.5,,10.0,WIN,,7.0
2026-06-16,Brandon Young,U 4.5,,2.0,WIN,,6.0
2026-06-16,Andre Pallante,O 3.5,,6.0,WIN,,7.0
2026-06-26,Martín Pérez,U 4.5,,4.0,WIN,,4.0
2026-06-26,JP Sears,O 3.5,,5.0,WIN,,5.2
2026-06-26,Joe Ryan,O 5.5,,9.0,WIN,,6.0
2026-06-26,Shohei Ohtani,O 6.5,,8.0,WIN,,6.0
2026-06-26,Ryan Weathers,O 5.5,,6.0,WIN,,6.0
2026-06-26,Tarik Skubal,O 6.5,,9.0,WIN,,6.0
2026-06-18,Kevin Gausman,O 5.5,,3.0,LOSS,,2.0
2026-06-18,Griffin Jax,U 4.5,,5.0,LOSS,,5.0
2026-06-26,Aaron Nola,O 4.5,,5.0,WIN,,5.0
2026-06-26,Mitch Bratt,O 3.5,,3.0,LOSS,,3.0
2026-06-26,Matthew Liberatore,O 3.5,,3.0,LOSS,,5.0
2026-06-16,Drew Rasmussen,O 5.5,,7.0,WIN,,7.0
2026-06-16,Justin Wrobleski,U 4.5,,5.0,LOSS,,6.0
2026-06-16,Robert Gasser,U 4.5,,5.0,LOSS,,5.2
2026-06-16,Kodai Senga,U 5.5,,5.0,WIN,,4.0
2026-06-16,Brady Singer,U 4.5,,5.0,LOSS,,5.0
2026-06-16,Tyler Phillips,U 3.5,,4.0,LOSS,,4.0
2026-06-16,Jesús Luzardo,O 6.5,,9.0,WIN,,7.0
2026-06-16,Merrill Kelly,U 4.5,,4.0,WIN,,5.1
2026-06-26,Ranger Suarez,U 4.5,,9.0,LOSS,,6.0
2026-06-26,Kyle Freeland,O 3.5,,4.0,WIN,,6.0
2026-06-26,Trey Yesavage,U 5.5,,5.0,WIN,,5.2
2026-06-26,Mike Burrows,O 3.5,,3.0,LOSS,,6.0
2026-06-26,Tyler Mahle,O 4.5,,4.0,LOSS,,5.2
2026-06-26,Noah Cameron,O 4.5,,5.0,WIN,,5.0
2026-06-26,Shane Drohan,U 4.5,,5.0,LOSS,,4.1
2026-06-27,Logan Gilbert,O 5.5,,7.0,WIN,SEA @ CLE,
2026-06-26,Erick Fedde,O 3.5,,2.0,LOSS,,4.0
2026-06-26,Tanner Bibee,U 5.5,,3.0,WIN,,6.0
2026-06-26,Bryan Woo,O 5.5,,4.0,LOSS,,4.0
2026-06-26,Trey Gibson,U 4.5,,5.0,LOSS,,4.0
2026-06-26,José Soriano,O 6.5,,4.0,LOSS,,3.0
2026-06-16,Kumar Rocker,U 4.5,,4.0,WIN,,3.1
2026-06-16,Zebby Matthews,O 4.5,,4.0,LOSS,,7.0
2026-06-16,Davis Martin,O 5.5,,4.0,LOSS,,3.1
2026-06-16,Gerrit Cole,U 5.5,,6.0,LOSS,,6.0
2026-06-16,Payton Tolle,O 4.5,,6.0,WIN,,5.0
2026-06-16,Michael Wacha,O 4.5,,3.0,LOSS,,6.0
2026-06-15,Walbert Ureña,U 4.5,,3.0,WIN,,7.0
2026-06-15,Tobias Myers,U 2.5,,1.0,WIN,,1.1
2026-06-26,Eury Pérez,O 4.5,,1.0,LOSS,,4.2
2026-06-26,Jacob deGrom,O 6.5,,8.0,WIN,,6.0
2026-06-26,Braxton Ashcraft,O 5.5,,10.0,WIN,,6.0
2026-06-16,Michael King,O 4.5,,5.0,WIN,,4.1
2026-06-16,Hunter Brown,O 6.5,,7.0,WIN,,5.2
2026-06-16,Framber Valdez,O 4.5,,6.0,WIN,,6.0
2026-06-18,Michael McGreevy,O 3.5,,5.0,WIN,,5.0
2026-06-18,Michael Soroka,O 5.5,,0.0,LOSS,,1.0
2026-06-15,Mitch Spence,U 3.5,,1.0,WIN,,4.0
2026-06-15,Michael Lorenzen,U 4.5,,5.0,LOSS,,5.0
2026-07-03,Jake Bennett,O 4.5,4.5,6.0,WIN,BOS @ LAA,
2026-06-15,Shota Imanaga,U 6.5,,3.0,WIN,,5.2
2026-06-15,Ryne Nelson,U 4.5,,5.0,LOSS,,7.0
2026-06-15,Nick Martinez,O 3.5,,6.0,WIN,,5.1
2026-06-15,Eric Lauer,U 3.5,,4.0,LOSS,,6.0
2026-06-15,Andrew Alvarez,U 4.5,,5.0,LOSS,,4.0
2026-06-15,Zack Wheeler,O 6.5,,9.0,WIN,,6.0
2026-06-16,Slade Cecconi,U 4.5,,4.0,WIN,,5.2
2026-06-16,Edward Cabrera,U 5.5,,3.0,WIN,,4.1
2026-06-16,Reid Detmers,O 5.5,,6.0,WIN,,7.0
2026-06-16,Foster Griffin,U 5.5,,6.0,LOSS,,6.0
2026-06-18,Jacob deGrom,O 6.5,,9.0,WIN,,6.0
2026-06-18,Jacob Misiorowski,O 8.5,,7.0,LOSS,,6.0
2026-06-18,Cam Schlittler,O 6.5,,13.0,WIN,,6.0
2026-06-18,Tatsuya Imai,O 4.5,,11.0,WIN,,6.0
2026-06-16,Jack Perkins,U 4.5,,6.0,LOSS,,5.0
2026-06-16,Ryan Feltner,U 3.5,,7.0,LOSS,,4.2
2026-06-15,Chase Burns,O 7.5,,7.0,LOSS,,5.0
2026-06-15,MacKenzie Gore,O 5.5,,10.0,WIN,,7.0
2026-06-15,Dustin May,O 4.5,,9.0,WIN,,9.0
2026-06-15,Ryan Gusto,U 3.5,,1.0,WIN,,3.1
2026-06-15,J.T. Ginn,U 4.5,,3.0,WIN,,6.0
2026-06-27,Jake Bennett,O 4.5,,3.0,LOSS,NYY @ BOS,
2026-07-03,Luis Castillo,U 4.5,4.5,4.0,WIN,TOR @ SEA,
2026-07-03,Shohei Ohtani,O 6.5,6.5,8.0,WIN,SD @ LAD,
2026-06-15,Jared Jones,NL,,4.0,NL,,4.0
2026-06-15,Dustin May,O 4.5,9.0,9.0,WIN,,
2026-06-16,Payton Tolle,O 4.5,6.0,5.0,WIN,,
2026-06-16,Michael Wacha,O 4.5,3.0,6.0,LOSS,,
2026-06-15,MacKenzie Gore,O 5.5,10.0,7.0,WIN,,
2026-06-16,Foster Griffin,U 5.5,6.0,6.0,LOSS,,
2026-06-16,Reid Detmers,O 5.5,6.0,7.0,WIN,,
2026-06-16,Jesús Luzardo,O 6.5,9.0,7.0,WIN,,
2026-06-16,Merrill Kelly,U 4.5,4.0,5.1,WIN,,
2026-06-16,Brady Singer,U 4.5,5.0,5.0,LOSS,,
2026-06-16,Brandon Young,U 4.5,2.0,6.0,WIN,,
2026-06-16,Logan Gilbert,O 6.5,10.0,7.0,WIN,,
2026-06-16,Tyler Phillips,U 3.5,4.0,4.0,LOSS,,
2026-06-16,Justin Wrobleski,U 4.5,5.0,6.0,LOSS,,
2026-06-16,Drew Rasmussen,O 5.5,7.0,7.0,WIN,,
2026-06-16,Zebby Matthews,O 4.5,4.0,7.0,LOSS,,
2026-06-16,Kumar Rocker,U 4.5,4.0,3.1,WIN,,
2026-06-16,Davis Martin,O 5.5,4.0,3.1,LOSS,,
2026-06-16,Gerrit Cole,U 5.5,6.0,6.0,LOSS,,
2026-06-15,Mitch Spence,U 3.5,1.0,4.0,WIN,,
2026-06-15,Michael Lorenzen,U 4.5,5.0,5.0,LOSS,,
2026-06-26,Javier Assad,U 3.5,,5.0,LOSS,,
2026-06-26,Sean Manaea,O 3.5,,4.0,WIN,,
2026-06-26,Rhett Lowder,O 3.5,,5.0,WIN,,
2026-06-26,Nolan McLean,O 5.5,,8.0,WIN,,
2026-06-26,Gage Jump,O 4.5,,7.0,WIN,,
2026-06-16,Ryan Feltner,U 3.5,7.0,4.2,LOSS,,
2026-06-16,Jack Perkins,U 4.5,6.0,5.0,LOSS,,
2026-06-18,Tatsuya Imai,O 4.5,11.0,6.0,WIN,,
2026-06-18,Cam Schlittler,O 6.5,13.0,6.0,WIN,,
2026-06-26,Noah Cameron,O 4.5,5.0,5.0,WIN,,
2026-06-26,Nolan McLean,O 5.5,8.0,,WIN,,
2026-06-26,Javier Assad,U 3.5,5.0,,LOSS,,
2026-06-26,Sean Manaea,O 3.5,4.0,,WIN,,
2026-06-26,Gage Jump,O 4.5,7.0,,WIN,,
2026-06-26,Tyler Mahle,O 4.5,4.0,5.2,LOSS,,
2026-06-15,Chase Burns,O 7.5,7.0,5.0,LOSS,,
2026-06-26,Mike Burrows,O 3.5,3.0,6.0,LOSS,,
2026-06-26,Trey Yesavage,U 5.5,5.0,5.2,WIN,,
2026-06-26,Ranger Suarez,U 4.5,9.0,6.0,LOSS,,
2026-06-26,Kyle Freeland,O 3.5,4.0,6.0,WIN,,
2026-06-26,Shane Drohan,U 4.5,5.0,4.1,LOSS,,
2026-06-26,Ryan Weathers,O 5.5,6.0,6.0,WIN,,
2026-06-26,Tarik Skubal,O 6.5,9.0,6.0,WIN,,
2026-06-26,Rhett Lowder,O 3.5,5.0,,WIN,,
2026-06-26,Jacob deGrom,O 6.5,8.0,6.0,WIN,,
2026-06-26,Braxton Ashcraft,O 5.5,10.0,6.0,WIN,,
2026-06-26,Bryan Woo,O 5.5,4.0,4.0,LOSS,,
2026-06-26,Erick Fedde,O 3.5,2.0,4.0,LOSS,,
2026-06-26,Tanner Bibee,U 5.5,3.0,6.0,WIN,,
2026-06-26,Matthew Liberatore,O 3.5,3.0,5.0,LOSS,,
2026-06-26,Mitch Bratt,O 3.5,3.0,3.0,LOSS,,
2026-06-26,Eury Pérez,O 4.5,1.0,4.2,LOSS,,
2026-06-26,José Soriano,O 6.5,4.0,3.0,LOSS,,
2026-06-26,Martín Pérez,U 4.5,4.0,4.0,WIN,,
2026-06-26,JP Sears,O 3.5,5.0,5.2,WIN,,
2026-06-26,Joe Ryan,O 5.5,9.0,6.0,WIN,,
2026-06-26,Shohei Ohtani,O 6.5,8.0,6.0,WIN,,
2026-06-18,Rhett Lowder,U 4.5,5.0,5.1,LOSS,,
2026-06-18,Connor Prielipp,O 3.5,4.0,6.0,WIN,,
2026-06-18,Michael Soroka,O 5.5,0.0,1.0,LOSS,,
2026-06-18,Michael McGreevy,O 3.5,5.0,5.0,WIN,,
2026-06-18,Seth Lugo,U 6.5,5.0,6.0,WIN,,
2026-06-18,Randy Vásquez,O 3.5,6.0,3.1,WIN,,
2026-06-26,Miles Mikolas,U 3.5,1.0,3.1,WIN,,
2026-06-26,Aaron Nola,O 4.5,5.0,5.0,WIN,,
2026-06-18,Trey Gibson,U 3.5,8.0,5.0,LOSS,,
2026-06-18,Ben Brown,U 4.5,4.0,6.0,WIN,,
2026-06-26,Trey Gibson,U 4.5,5.0,4.0,LOSS,,
2026-06-18,Kevin Gausman,O 5.5,3.0,2.0,LOSS,,
2026-06-18,Griffin Jax,U 4.5,5.0,5.0,LOSS,,
2026-06-18,Kyle Freeland,U 4.5,8.0,7.1,LOSS,,
2026-06-18,Martín Pérez,O 3.5,5.0,6.0,WIN,,
2026-06-18,Bubba Chandler,U 4.5,1.0,6.0,WIN,,
2026-06-18,Jacob Misiorowski,O 8.5,7.0,6.0,LOSS,,
2026-06-18,Jacob deGrom,O 6.5,9.0,6.0,WIN,,
2026-06-18,Ranger Suarez,U 5.5,5.0,6.2,WIN,,
2026-06-18,Landen Roupp,O 5.5,7.0,6.0,WIN,,
2026-06-18,Roki Sasaki,U 5.5,6.0,5.2,LOSS,,
2026-06-18,Jeffrey Springs,O 4.5,4.0,3.2,LOSS,,
2026-06-18,Bryce Miller,O 4.5,7.0,5.0,WIN,,
2026-06-18,Tarik Skubal,O 6.5,8.0,5.2,WIN,,
2026-06-16,Kodai Senga,U 5.5,5.0,4.0,WIN,,
2026-06-16,Robert Gasser,U 4.5,5.0,5.2,LOSS,,
2026-06-18,José Soriano,O 3.5,6.0,5.0,WIN,,
2026-06-16,Slade Cecconi,U 4.5,4.0,5.2,WIN,,
2026-06-16,Edward Cabrera,U 5.5,3.0,4.1,WIN,,
2026-06-15,Ryan Gusto,U 3.5,1.0,3.1,WIN,,
2026-06-15,Walbert Ureña,U 4.5,3.0,7.0,WIN,,
2026-06-15,Tobias Myers,U 2.5,1.0,1.1,WIN,,
2026-06-16,Framber Valdez,O 4.5,6.0,6.0,WIN,,
2026-06-16,Hunter Brown,O 6.5,7.0,5.2,WIN,,
2026-06-16,Michael King,O 4.5,5.0,4.1,WIN,,
2026-06-16,Andre Pallante,O 3.5,6.0,7.0,WIN,,
2026-06-15,J.T. Ginn,U 4.5,3.0,6.0,WIN,,
2026-06-15,Zack Wheeler,O 6.5,9.0,6.0,WIN,,
2026-06-15,Shota Imanaga,U 6.5,3.0,5.2,WIN,,
2026-06-15,Ryne Nelson,U 4.5,5.0,7.0,LOSS,,
2026-06-15,Nick Martinez,O 3.5,6.0,5.1,WIN,,
2026-06-15,Eric Lauer,U 3.5,4.0,6.0,LOSS,,
2026-06-15,Andrew Alvarez,U 4.5,5.0,4.0,LOSS,,
2026-06-15,Jared Jones,NL,4.0,4.0,NL,,
2026-06-30,Aaron Nola,O,5.5,5.0,L,,
2026-06-30,Braxton Ashcraft,O,5.5,8.0,W,,
2026-06-30,Zebby Matthews,O,4.5,5.0,W,,
2026-06-30,Peter Lambert,O,4.5,4.0,L,,
2026-06-30,Sean Burke,O,5.5,8.0,W,,
2026-06-30,Shane Baz,U,5.5,7.0,L,,
2026-06-30,Sean Manaea,O,3.5,4.0,W,,
2026-06-30,Trey Yesavage,U,6.5,3.0,W,,
2026-06-30,George Kirby,O,6.5,7.0,W,,
2026-06-30,Ryan Johnson,U,4.5,3.0,W,,
2026-06-30,Shota Imanaga,O,4.5,4.0,L,,
2026-06-30,Casey Mize,O,5.5,8.0,W,,
2026-06-30,Ryan Weathers,O,6.5,3.0,L,,
2026-06-30,Parker Messick,O,5.5,5.0,L,,
2026-06-30,Tyler Alexander,O,0.5,2.0,W,,
2026-06-30,Sandy Alcantara,O,4.5,3.0,L,,
2026-06-30,Robert Gasser,O,5.5,5.0,L,,
2026-06-30,Nick Lodolo,O,4.5,4.0,L,,
2026-06-27,Jose Cabrera,U,3.5,4.0,L,,
2026-06-27,Cole Sulser,U,2.5,1.0,W,,
2026-06-27,Andre Pallante,O,4.5,4.0,L,,
2026-06-27,Ryan Gusto,U,3.5,4.0,L,,
2026-06-27,Alan Rangel,O,3.5,4.0,W,,
2026-06-27,Christian Scott,O,4.5,6.0,W,,
2026-06-27,Randy Vasquez,O,3.5,1.0,L,,
2026-06-27,Y. Yamamoto,U,6.5,4.0,W,,
2026-06-27,Kyle Harrison,O,5.5,9.0,W,,
2026-06-27,David Peterson,U,4.5,2.0,W,,
2026-06-27,Reid Detmers,O,6.5,8.0,W,,
2026-06-27,Jack Perkins,U,5.5,5.0,W,,
2026-06-27,Framber Valdez,O,4.5,2.0,L,,
2026-06-27,Kai-Wei Teng,U,4.5,1.0,W,,
2026-06-27,Michael Lorenzen,U,4.5,1.0,W,,
2026-06-27,Mike Paredes,U,3.5,2.0,W,,
2026-06-27,Brandon Young,U,4.5,8.0,L,,
2026-06-27,Foster Griffin,O,6.5,9.0,W,,
2026-06-27,Michael Wacha,O,4.5,7.0,W,,
2026-06-27,Davis Martin,O,5.5,3.0,L,,
2026-06-27,Chase Burns,O,6.5,10.0,W,,
2026-06-27,Jared Jones,O,5.5,4.0,L,,
2026-06-27,Dylan Cease,O,7.5,10.0,W,,
2026-06-27,Cal Quantrill,O,1.5,5.0,W,,
2026-06-27,Jake Bennett,O,4.5,3.0,L,,
2026-06-27,Gerrit Cole,U,5.5,5.0,L,,
2026-06-30,Miles Mikolas,O,2.5,3.0,W,,
2026-06-30,Ranger Suarez,U,5.5,8.0,L,,
2026-06-30,Tyler Mahle,U,4.5,3.0,W,,
2026-06-30,Eduardo Rodriguez,U,4.5,1.0,W,,
2026-06-30,Gage Jump,O,4.5,5.0,W,,
2026-06-30,Eric Lauer,U,4.5,2.0,W,,
2026-06-27,Logan Webb,O,0.5,6.0,W,,
2026-06-27,Bryce Elder,O,4.5,4.0,L,,
2026-06-27,Slade Cecconi,O,4.5,4.0,L,,
2026-06-27,Logan Gilbert,O,5.5,7.0,W,,
2026-07-04,Braxton Ashcraft,O 5.5,,7.0,WIN,PIT @ WSH,
2026-07-04,Zack Littell,U 3.5,,3.0,WIN,PIT @ WSH,
2026-07-04,Zebby Matthews,O 4.5,,5.0,WIN,MIN @ NYY,
2026-07-04,Brendan Beck,N,,3.0,NO LINE,MIN @ NYY,
2026-07-04,Jack Flaherty,U 5.5,,5.0,WIN,DET @ TEX,
2026-07-04,Shane Bieber,U 5.5,,3.0,WIN,TOR @ SEA,
2026-07-04,Logan Gilbert,U 5.5,,7.0,LOSS,TOR @ SEA,
2026-07-04,Brandon Young,O 4.5,,5.0,WIN,BAL @ CIN,
2026-07-04,Hunter Greene,U 6.5,,7.0,LOSS,BAL @ CIN,
2026-07-04,Drew Rasmussen,U 5.5,,2.0,WIN,TB @ HOU,
2026-07-04,Hunter Brown,U 5.5,,3.0,WIN,TB @ HOU,
2026-07-04,Sean Burke,O 5.5,,11.0,WIN,CWS @ CLE,
2026-07-04,Parker Messick,U 6.5,,3.0,WIN,CWS @ CLE,
2026-07-04,Kyle Leahy,U 4.5,,6.0,LOSS,STL @ CHC,
2026-07-04,Shota Imanaga,U 5.5,,8.0,LOSS,STL @ CHC,
2026-07-04,Sean Manaea,U 4.5,,4.0,WIN,NYM @ ATL,
2026-07-04,Chris Sale,U 7.5,,3.0,WIN,NYM @ ATL,
2026-07-04,Robbie Ray,U 5.5,,4.0,WIN,SF @ COL,
2026-07-04,Jesús Luzardo,O 6.5,,9.0,WIN,PHI @ KC,
2026-07-04,Michael Wacha,O 4.5,,7.0,WIN,PHI @ KC,
2026-07-04,Sonny Gray,U 5.5,,7.0,LOSS,BOS @ LAA,
2026-07-04,Sam Aldegheri,U 3.5,,2.0,WIN,BOS @ LAA,
2026-07-04,Sandy Alcantara,O 4.5,,8.0,WIN,MIA @ ATH,
2026-07-04,Aaron Civale,U 3.5,,6.0,LOSS,MIA @ ATH,
2026-07-04,Brandon Woodruff,U 4.5,,6.0,LOSS,MIL @ AZ,
2026-07-04,Merrill Kelly,U 3.5,,6.0,LOSS,MIL @ AZ,
2026-07-04,Griffin Canning,U 4.5,,4.0,WIN,SD @ LAD,
2026-07-04,Yoshinobu Yamamoto,U 6.5,,10.0,LOSS,SD @ LAD,
2026-07-05,Nolan McLean,O 5.5,,5.0,LOSS,NYM @ ATL,
2026-07-05,Martín Pérez,U 4.5,,1.0,WIN,NYM @ ATL,
2026-07-05,Bubba Chandler,U 4.5,,0.0,WIN,PIT @ WSH,
2026-07-05,Cade Cavalli,U 5.5,,3.0,WIN,PIT @ WSH,
2026-07-05,Kyle Bradish,U 6.5,,5.0,WIN,BAL @ CIN,
2026-07-05,Nick Lodolo,U 5.5,,4.0,WIN,BAL @ CIN,
2026-07-05,Joe Ryan,U 6.5,,9.0,LOSS,MIN @ NYY,
2026-07-05,Ryan Weathers,U 5.5,,6.0,LOSS,MIN @ NYY,
2026-07-05,Chris Murphy,O 1.5,,1.0,LOSS,CWS @ CLE,
2026-07-05,Tanner Bibee,U 4.5,,1.0,WIN,CWS @ CLE,
2026-07-05,Matthew Liberatore,U 4.5,,3.0,WIN,STL @ CHC,
2026-07-05,Javier Assad,U 3.5,,2.0,WIN,STL @ CHC,
2026-07-05,Aaron Nola,O 5.5,,7.0,WIN,PHI @ KC,
2026-07-05,Luinder Avila,U 4.5,,4.0,WIN,PHI @ KC,
2026-07-05,Peter Lambert,U 4.5,,6.0,LOSS,TB @ HOU,
2026-07-05,Casey Mize,U 4.5,,4.0,WIN,DET @ TEX,
2026-07-05,Kumar Rocker,O 4.5,,4.0,LOSS,DET @ TEX,
2026-07-05,Tyler Mahle,U 4.5,,5.0,LOSS,SF @ COL,
2026-07-05,Tanner Gordon,O 3.5,,7.0,WIN,SF @ COL,
2026-07-05,Brandon Sproat,U 4.5,,4.0,WIN,MIL @ AZ,
2026-07-05,Eduardo Rodriguez,U 4.5,,3.0,WIN,MIL @ AZ,
2026-07-05,Eury Pérez,O 4.5,,8.0,WIN,MIA @ ATH,
2026-07-05,Gage Jump,U 5.5,,1.0,WIN,MIA @ ATH,
2026-07-05,Trey Yesavage,U 5.5,,7.0,LOSS,TOR @ SEA,
2026-07-05,Emerson Hancock,U 4.5,,5.0,LOSS,TOR @ SEA,
2026-07-05,JP Sears,U 4.5,,5.0,LOSS,SD @ LAD,
2026-07-05,Emmet Sheehan,O 5.5,,5.0,LOSS,SD @ LAD,
2026-07-05,Ranger Suarez,U 5.5,,5.0,WIN,BOS @ LAA,
2026-07-05,Ryan Johnson,U 4.5,,6.0,LOSS,BOS @ LAA,
2026-07-04,Braxton Ashcraft,,5.5,,WIN,PIT @ WSH,
2026-07-04,Zack Littell,,3.5,,WIN,PIT @ WSH,
2026-07-04,Zebby Matthews,,4.5,,WIN,MIN @ NYY,
2026-07-04,Brendan Beck,,,,NO LINE,MIN @ NYY,
2026-07-04,Jack Flaherty,,5.5,,WIN,DET @ TEX,
2026-07-04,Shane Bieber,,5.5,,WIN,TOR @ SEA,
2026-07-04,Logan Gilbert,,5.5,,LOSS,TOR @ SEA,
2026-07-04,Brandon Young,,4.5,,WIN,BAL @ CIN,
2026-07-04,Hunter Greene,,6.5,,LOSS,BAL @ CIN,
2026-07-04,Drew Rasmussen,,5.5,,WIN,TB @ HOU,
2026-07-04,Hunter Brown,,5.5,,WIN,TB @ HOU,
2026-07-04,Sean Burke,,5.5,,WIN,CWS @ CLE,
2026-07-04,Parker Messick,,6.5,,WIN,CWS @ CLE,
2026-07-04,Kyle Leahy,,4.5,,LOSS,STL @ CHC,
2026-07-04,Shota Imanaga,,5.5,,LOSS,STL @ CHC,
2026-07-04,Sean Manaea,,4.5,,WIN,NYM @ ATL,
2026-07-04,Chris Sale,,7.5,,WIN,NYM @ ATL,
2026-07-04,Robbie Ray,,5.5,,WIN,SF @ COL,
2026-07-04,Jesús Luzardo,,6.5,,WIN,PHI @ KC,
2026-07-04,Michael Wacha,,4.5,,WIN,PHI @ KC,
2026-07-04,Sonny Gray,,5.5,,LOSS,BOS @ LAA,
2026-07-04,Sam Aldegheri,,3.5,,WIN,BOS @ LAA,
2026-07-04,Sandy Alcantara,,4.5,,WIN,MIA @ ATH,
2026-07-04,Aaron Civale,,3.5,,LOSS,MIA @ ATH,
2026-07-04,Brandon Woodruff,,4.5,,LOSS,MIL @ AZ,
2026-07-04,Merrill Kelly,,3.5,,LOSS,MIL @ AZ,
2026-07-04,Griffin Canning,,4.5,,WIN,SD @ LAD,
2026-07-04,Yoshinobu Yamamoto,,6.5,,LOSS,SD @ LAD,
2026-07-05,Nolan McLean,,5.5,,LOSS,NYM @ ATL,
2026-07-05,Martín Pérez,,4.5,,WIN,NYM @ ATL,
2026-07-05,Bubba Chandler,,4.5,,WIN,PIT @ WSH,
2026-07-05,Cade Cavalli,,5.5,,WIN,PIT @ WSH,
2026-07-05,Kyle Bradish,,6.5,,WIN,BAL @ CIN,
2026-07-05,Nick Lodolo,,5.5,,WIN,BAL @ CIN,
2026-07-05,Joe Ryan,,6.5,,LOSS,MIN @ NYY,
2026-07-05,Ryan Weathers,,5.5,,LOSS,MIN @ NYY,
2026-07-05,Chris Murphy,,1.5,,LOSS,CWS @ CLE,
2026-07-05,Tanner Bibee,,4.5,,WIN,CWS @ CLE,
2026-07-05,Matthew Liberatore,,4.5,,WIN,STL @ CHC,
2026-07-05,Javier Assad,,3.5,,WIN,STL @ CHC,
2026-07-05,Aaron Nola,,5.5,,WIN,PHI @ KC,
2026-07-05,Luinder Avila,,4.5,,WIN,PHI @ KC,
2026-07-05,Peter Lambert,,4.5,,LOSS,TB @ HOU,
2026-07-05,Casey Mize,,4.5,,WIN,DET @ TEX,
2026-07-05,Kumar Rocker,,4.5,,LOSS,DET @ TEX,
2026-07-05,Tyler Mahle,,4.5,,LOSS,SF @ COL,
2026-07-05,Tanner Gordon,,3.5,,WIN,SF @ COL,
2026-07-05,Brandon Sproat,,4.5,,WIN,MIL @ AZ,
2026-07-05,Eduardo Rodriguez,,4.5,,WIN,MIL @ AZ,
2026-07-05,Eury Pérez,,4.5,,WIN,MIA @ ATH,
2026-07-05,Gage Jump,,5.5,,WIN,MIA @ ATH,
2026-07-05,Trey Yesavage,,5.5,,LOSS,TOR @ SEA,
2026-07-05,Emerson Hancock,,4.5,,LOSS,TOR @ SEA,
2026-07-05,JP Sears,,4.5,,LOSS,SD @ LAD,
2026-07-05,Emmet Sheehan,,5.5,,LOSS,SD @ LAD,
2026-07-05,Ranger Suarez,,5.5,,WIN,BOS @ LAA,
2026-07-05,Ryan Johnson,,4.5,,LOSS,BOS @ LAA,
2026-07-06,Cristopher Sánchez,,6.5,,LOSS,PHI @ KC,
2026-07-06,Noah Cameron,,4.5,,LOSS,PHI @ KC,
2026-07-06,Cam Schlittler,,6.5,,LOSS,NYY @ TB,
2026-07-06,Griffin Jax,,5.5,,LOSS,NYY @ TB,
2026-07-06,Mike Burrows,,3.5,,LOSS,HOU @ WSH,
2026-07-06,Miles Mikolas,,3.5,,WIN,HOU @ WSH,
2026-07-06,Freddy Peralta,,4.5,,LOSS,NYM @ ATL,
2026-07-06,Reynaldo López,,4.5,,LOSS,NYM @ ATL,
2026-07-06,Shane Drohan,,4.5,,WIN,MIL @ STL,
2026-07-06,Dustin May,,4.5,,LOSS,MIL @ STL,
2026-07-06,Brandon Pfaadt,,3.5,,WIN,AZ @ SD,
2026-07-06,Walker Buehler,,3.5,,LOSS,AZ @ SD,
2026-07-06,Kevin Gausman,,5.5,,LOSS,TOR @ SF,
2026-07-06,Landen Roupp,,4.5,,WIN,TOR @ SF,
2026-07-06,Kyle Freeland,,4.5,,WIN,COL @ LAD,
2026-07-06,Eric Lauer,,4.5,,WIN,COL @ LAD,
2026-07-07,Jacob Misiorowski,,,,NO LINE,MIL @ STL,
2026-07-07,Matthew Boyd,,4.5,,WIN,CHC @ BAL,
2026-07-07,Shane Baz,,5.5,,WIN,CHC @ BAL,
2026-07-07,J.T. Ginn,,4.5,,WIN,ATH @ DET,
2026-07-07,Tarik Skubal,,8.5,,LOSS,ATH @ DET,
2026-07-07,Hurston Waldrep,,4.5,,LOSS,ATL @ PIT,
2026-07-07,Paul Skenes,,6.5,,WIN,ATL @ PIT,
2026-07-07,Max Meyer,,5.5,,LOSS,SEA @ MIA,
2026-07-07,Will Warren,,4.5,,WIN,NYY @ TB,
2026-07-07,Ian Seymour,,5.5,,LOSS,NYY @ TB,
2026-07-07,Tatsuya Imai,,4.5,,LOSS,HOU @ WSH,
2026-07-07,Andrew Alvarez,,4.5,,LOSS,HOU @ WSH,
2026-07-07,Seth Lugo,,4.5,,WIN,KC @ NYM,
2026-07-07,Andrew Abbott,,5.5,,LOSS,PHI @ CIN,
2026-07-07,Joey Cantillo,,4.5,,LOSS,CLE @ MIN,
2026-07-07,Taj Bradley,,6.5,,WIN,CLE @ MIN,
2026-07-07,Payton Tolle,,5.5,,LOSS,BOS @ CWS,
2026-07-07,Noah Schultz,,4.5,,WIN,BOS @ CWS,
2026-07-07,José Soriano,,5.5,,WIN,LAA @ TEX,
2026-07-07,Jacob deGrom,,7.5,,LOSS,LAA @ TEX,
2026-07-07,Zac Gallen,,3.5,,LOSS,AZ @ SD,
2026-07-07,Germán Márquez,,2.5,,LOSS,AZ @ SD,
2026-07-07,Trevor McDonald,,3.5,,LOSS,TOR @ SF,
2026-07-07,Michael Lorenzen,,3.5,,LOSS,COL @ LAD,
2026-07-07,Justin Wrobleski,,5.5,,LOSS,COL @ LAD,
2026-07-07,Matt Svanson,,,,NO LINE,MIL @ STL,
2026-07-07,Robert Gasser,,4.5,,WIN,MIL @ STL,
2026-07-07,Hunter Dobbins,,4.5,,WIN,MIL @ STL,
2026-07-07,Tarik Skubal,,7.5,,LOSS,ATH @ DET,
2026-07-07,Bryan Woo,,5.5,,WIN,SEA @ MIA,
2026-07-07,Max Meyer,,6.5,,WIN,SEA @ MIA,
2026-07-07,Seth Lugo,,2.5,,WIN,KC @ NYM,
2026-07-07,Cionel Pérez,,1.5,,LOSS,KC @ NYM,
2026-07-07,Zack Wheeler,,7.5,,LOSS,PHI @ CIN,
2026-07-07,Andrew Abbott,,4.5,,LOSS,PHI @ CIN,
2026-07-07,Joey Cantillo,,5.5,,LOSS,CLE @ MIN,
2026-07-07,Spencer Miles,,3.5,,WIN,TOR @ SF,
2026-07-07,Justin Wrobleski,,4.5,,LOSS,COL @ LAD,
2026-07-04,Braxton Ashcraft,OVER,5.5,7.0,,PIT @ WSH,
2026-07-04,Zack Littell,UNDER,3.5,3.0,,PIT @ WSH,
2026-07-04,Zebby Matthews,OVER,4.5,5.0,,MIN @ NYY,
2026-07-04,Jack Flaherty,UNDER,5.5,5.0,,DET @ TEX,
2026-07-04,Shane Bieber,UNDER,5.5,3.0,,TOR @ SEA,
2026-07-04,Logan Gilbert,UNDER,5.5,7.0,,TOR @ SEA,
2026-07-04,Brandon Young,OVER,4.5,5.0,,BAL @ CIN,
2026-07-04,Hunter Greene,UNDER,6.5,7.0,,BAL @ CIN,
2026-07-04,Drew Rasmussen,UNDER,5.5,2.0,,TB @ HOU,
2026-07-04,Hunter Brown,UNDER,5.5,3.0,,TB @ HOU,
2026-07-04,Sean Burke,OVER,5.5,11.0,,CWS @ CLE,
2026-07-04,Parker Messick,UNDER,6.5,3.0,,CWS @ CLE,
2026-07-04,Kyle Leahy,UNDER,4.5,6.0,,STL @ CHC,
2026-07-04,Shota Imanaga,UNDER,5.5,8.0,,STL @ CHC,
2026-07-04,Sean Manaea,UNDER,4.5,4.0,,NYM @ ATL,
2026-07-04,Chris Sale,UNDER,7.5,3.0,,NYM @ ATL,
2026-07-04,Robbie Ray,UNDER,5.5,4.0,,SF @ COL,
2026-07-04,Jesús Luzardo,OVER,6.5,9.0,,PHI @ KC,
2026-07-04,Michael Wacha,OVER,4.5,7.0,,PHI @ KC,
2026-07-04,Sonny Gray,UNDER,5.5,7.0,,BOS @ LAA,
2026-07-04,Sam Aldegheri,UNDER,3.5,2.0,,BOS @ LAA,
2026-07-04,Sandy Alcantara,OVER,4.5,8.0,,MIA @ ATH,
2026-07-04,Aaron Civale,UNDER,3.5,6.0,,MIA @ ATH,
2026-07-04,Brandon Woodruff,UNDER,4.5,6.0,,MIL @ AZ,
2026-07-04,Merrill Kelly,UNDER,3.5,6.0,,MIL @ AZ,
2026-07-04,Griffin Canning,UNDER,4.5,4.0,,SD @ LAD,
2026-07-04,Yoshinobu Yamamoto,UNDER,6.5,10.0,,SD @ LAD,
2026-07-05,Nolan McLean,OVER,5.5,5.0,,NYM @ ATL,
2026-07-05,Martín Pérez,UNDER,4.5,1.0,,NYM @ ATL,
2026-07-05,Bubba Chandler,UNDER,4.5,0.0,,PIT @ WSH,
2026-07-05,Cade Cavalli,UNDER,5.5,3.0,,PIT @ WSH,
2026-07-05,Kyle Bradish,UNDER,6.5,5.0,,BAL @ CIN,
2026-07-05,Nick Lodolo,UNDER,5.5,4.0,,BAL @ CIN,
2026-07-05,Joe Ryan,UNDER,6.5,9.0,,MIN @ NYY,
2026-07-05,Ryan Weathers,UNDER,5.5,6.0,,MIN @ NYY,
2026-07-05,Chris Murphy,OVER,1.5,1.0,,CWS @ CLE,
2026-07-05,Tanner Bibee,UNDER,4.5,1.0,,CWS @ CLE,
2026-07-05,Matthew Liberatore,UNDER,4.5,3.0,,STL @ CHC,
2026-07-05,Javier Assad,UNDER,3.5,2.0,,STL @ CHC,
2026-07-05,Aaron Nola,OVER,5.5,7.0,,PHI @ KC,
2026-07-05,Luinder Avila,UNDER,4.5,4.0,,PHI @ KC,
2026-07-05,Peter Lambert,UNDER,4.5,6.0,,TB @ HOU,
2026-07-05,Casey Mize,UNDER,4.5,4.0,,DET @ TEX,
2026-07-05,Kumar Rocker,OVER,4.5,4.0,,DET @ TEX,
2026-07-05,Tyler Mahle,UNDER,4.5,5.0,,SF @ COL,
2026-07-05,Tanner Gordon,OVER,3.5,7.0,,SF @ COL,
2026-07-05,Brandon Sproat,UNDER,4.5,4.0,,MIL @ AZ,
2026-07-05,Eduardo Rodriguez,UNDER,4.5,3.0,,MIL @ AZ,
2026-07-05,Eury Pérez,OVER,4.5,8.0,,MIA @ ATH,
2026-07-05,Gage Jump,UNDER,5.5,1.0,,MIA @ ATH,
2026-07-05,Trey Yesavage,UNDER,5.5,7.0,,TOR @ SEA,
2026-07-05,Emerson Hancock,UNDER,4.5,5.0,,TOR @ SEA,
2026-07-05,JP Sears,UNDER,4.5,5.0,,SD @ LAD,
2026-07-05,Emmet Sheehan,OVER,5.5,5.0,,SD @ LAD,
2026-07-05,Ranger Suarez,UNDER,5.5,5.0,,BOS @ LAA,
2026-07-05,Ryan Johnson,UNDER,4.5,6.0,,BOS @ LAA,
2026-07-06,Cristopher Sánchez,OVER,6.5,1.0,,PHI @ KC,
2026-07-06,Noah Cameron,UNDER,4.5,7.0,,PHI @ KC,
2026-07-06,Cam Schlittler,UNDER,6.5,8.0,,NYY @ TB,
2026-07-06,Griffin Jax,UNDER,5.5,10.0,,NYY @ TB,
2026-07-06,Mike Burrows,OVER,3.5,3.0,,HOU @ WSH,
2026-07-06,Miles Mikolas,UNDER,3.5,3.0,,HOU @ WSH,
2026-07-06,Freddy Peralta,UNDER,4.5,6.0,,NYM @ ATL,
2026-07-06,Reynaldo López,UNDER,4.5,5.0,,NYM @ ATL,
2026-07-06,Shane Drohan,UNDER,4.5,2.0,,MIL @ STL,
2026-07-06,Dustin May,UNDER,4.5,7.0,,MIL @ STL,
2026-07-06,Brandon Pfaadt,OVER,3.5,6.0,,AZ @ SD,
2026-07-06,Walker Buehler,UNDER,3.5,4.0,,AZ @ SD,
2026-07-06,Kevin Gausman,UNDER,5.5,8.0,,TOR @ SF,
2026-07-06,Landen Roupp,OVER,4.5,5.0,,TOR @ SF,
2026-07-06,Kyle Freeland,UNDER,4.5,2.0,,COL @ LAD,
2026-07-06,Eric Lauer,UNDER,4.5,3.0,,COL @ LAD,
2026-07-07,Jacob Misiorowski,NO LINE,,11.0,,MIL @ STL,
2026-07-07,Matthew Boyd,OVER,4.5,7.0,,CHC @ BAL,
2026-07-07,Shane Baz,UNDER,5.5,3.0,,CHC @ BAL,
2026-07-07,J.T. Ginn,UNDER,4.5,4.0,,ATH @ DET,
2026-07-07,Tarik Skubal,UNDER,8.5,9.0,,ATH @ DET,
2026-07-07,Hurston Waldrep,OVER,4.5,2.0,,ATL @ PIT,
2026-07-07,Paul Skenes,UNDER,6.5,4.0,,ATL @ PIT,
2026-07-07,Max Meyer,OVER,5.5,4.0,,SEA @ MIA,
2026-07-07,Will Warren,UNDER,4.5,3.0,,NYY @ TB,
2026-07-07,Ian Seymour,UNDER,5.5,12.0,,NYY @ TB,
2026-07-07,Tatsuya Imai,OVER,4.5,3.0,,HOU @ WSH,
2026-07-07,Andrew Alvarez,OVER,4.5,3.0,,HOU @ WSH,
2026-07-07,Seth Lugo,UNDER,4.5,4.0,,KC @ NYM,
2026-07-07,Andrew Abbott,UNDER,5.5,8.0,,PHI @ CIN,
2026-07-07,Joey Cantillo,UNDER,4.5,7.0,,CLE @ MIN,
2026-07-07,Taj Bradley,OVER,6.5,10.0,,CLE @ MIN,
2026-07-07,Payton Tolle,UNDER,5.5,6.0,,BOS @ CWS,
2026-07-07,Noah Schultz,UNDER,4.5,3.0,,BOS @ CWS,
2026-07-07,José Soriano,UNDER,5.5,4.0,,LAA @ TEX,
2026-07-07,Jacob deGrom,OVER,7.5,7.0,,LAA @ TEX,
2026-07-07,Zac Gallen,UNDER,3.5,5.0,,AZ @ SD,
2026-07-07,Germán Márquez,UNDER,2.5,4.0,,AZ @ SD,
2026-07-07,Trevor McDonald,OVER,3.5,0.0,,TOR @ SF,
2026-07-07,Michael Lorenzen,UNDER,3.5,5.0,,COL @ LAD,
2026-07-07,Justin Wrobleski,UNDER,5.5,9.0,,COL @ LAD,
2026-07-07,Matt Svanson,NO LINE,,1.0,,MIL @ STL,
2026-07-07,Robert Gasser,UNDER,4.5,4.0,,MIL @ STL,
2026-07-07,Hunter Dobbins,UNDER,4.5,4.0,,MIL @ STL,
2026-07-07,Tarik Skubal,UNDER,7.5,9.0,,ATH @ DET,
2026-07-07,Bryan Woo,UNDER,5.5,5.0,,SEA @ MIA,
2026-07-07,Max Meyer,UNDER,6.5,4.0,,SEA @ MIA,
2026-07-07,Seth Lugo,OVER,2.5,4.0,,KC @ NYM,
2026-07-07,Cionel Pérez,OVER,1.5,1.0,,KC @ NYM,
2026-07-07,Zack Wheeler,UNDER,7.5,14.0,,PHI @ CIN,
2026-07-07,Andrew Abbott,UNDER,4.5,8.0,,PHI @ CIN,
2026-07-07,Joey Cantillo,UNDER,5.5,7.0,,CLE @ MIN,
2026-07-07,Spencer Miles,UNDER,3.5,1.0,,TOR @ SF,
2026-07-07,Justin Wrobleski,UNDER,4.5,9.0,,COL @ LAD,
2026-07-08,Dylan Cease,NO LINE,,11.0,,TOR @ SF,
2026-07-08,Logan Webb,NO LINE,,2.0,,TOR @ SF,
2026-07-08,Colin Rea,UNDER,4.5,2.0,,CHC @ BAL,
2026-07-08,Dean Kremer,OVER,4.5,4.0,,CHC @ BAL,
2026-07-08,Jeffrey Springs,OVER,4.5,4.0,,ATH @ DET,
2026-07-08,Troy Melton,UNDER,4.5,9.0,,ATH @ DET,
2026-07-08,Grant Holmes,OVER,4.5,5.0,,ATL @ PIT,
2026-07-08,Jared Jones,UNDER,4.5,8.0,,ATL @ PIT,
2026-07-08,George Kirby,UNDER,4.5,7.0,,SEA @ MIA,
2026-07-08,Tyler Phillips,UNDER,4.5,3.0,,SEA @ MIA,
2026-07-08,Gerrit Cole,UNDER,4.5,6.0,,NYY @ TB,
2026-07-08,Shane McClanahan,UNDER,5.5,5.0,,NYY @ TB,
2026-07-08,Spencer Arrighetti,UNDER,4.5,2.0,,HOU @ WSH,
2026-07-08,Foster Griffin,OVER,4.5,9.0,,HOU @ WSH,
2026-07-08,Steven Cruz,OVER,1.5,2.0,,KC @ NYM,
2026-07-08,Christian Scott,UNDER,5.5,5.0,,KC @ NYM,
2026-07-08,Alan Rangel,UNDER,4.5,5.0,,PHI @ CIN,
2026-07-08,Chase Burns,UNDER,7.5,2.0,,PHI @ CIN,
2026-07-08,Slade Cecconi,UNDER,3.5,4.0,,CLE @ MIN,
2026-07-08,Connor Prielipp,OVER,5.5,6.0,,CLE @ MIN,
2026-07-08,Jake Bennett,OVER,4.5,4.0,,BOS @ CWS,
2026-07-08,Davis Martin,OVER,4.5,2.0,,BOS @ CWS,
2026-07-08,Kyle Harrison,UNDER,5.5,2.0,,MIL @ STL,
2026-07-08,Michael McGreevy,OVER,3.5,6.0,,MIL @ STL,
2026-07-08,Walbert Ureña,UNDER,4.5,3.0,,LAA @ TEX,
2026-07-08,MacKenzie Gore,OVER,6.5,7.0,,LAA @ TEX,
2026-07-08,Gabriel Hughes,UNDER,2.5,7.0,,COL @ LAD,
2026-07-08,Roki Sasaki,UNDER,5.5,5.0,,COL @ LAD,
2026-07-08,Jose Cabrera,UNDER,3.5,2.0,,AZ @ SD,
2026-07-08,Michael King,UNDER,4.5,4.0,,AZ @ SD,
2026-07-09,Bryce Elder,OVER,4.5,3.0,,ATL @ PIT,
2026-07-09,Mitch Keller,UNDER,3.5,3.0,,ATL @ PIT,
2026-07-09,Michael Wacha,UNDER,4.5,5.0,,KC @ NYM,
2026-07-09,Sean Manaea,UNDER,4.5,6.0,,KC @ NYM,
2026-07-09,Drew Rasmussen,OVER,5.5,2.0,,NYY @ TB,
2026-07-09,David Peterson,UNDER,4.5,2.0,,CHC @ BAL,
2026-07-09,Trevor Rogers,UNDER,4.5,4.0,,CHC @ BAL,
2026-07-09,Gavin Williams,UNDER,5.5,11.0,,CLE @ MIN,
2026-07-09,Bailey Ober,NO LINE,,5.0,,CLE @ MIN,
2026-07-09,Patrick Sandoval,OVER,4.5,5.0,,BOS @ CWS,
2026-07-09,Anthony Kay,UNDER,4.5,4.0,,BOS @ CWS,
2026-07-09,Jack Perkins,UNDER,5.5,2.0,,ATH @ DET,
2026-07-09,Framber Valdez,UNDER,5.5,9.0,,ATH @ DET,
2026-07-09,Bryce Miller,UNDER,6.5,3.0,,SEA @ MIA,
2026-07-09,Janson Junk,OVER,3.5,5.0,,SEA @ MIA,
2026-07-09,Jesús Luzardo,OVER,7.5,11.0,,PHI @ CIN,
2026-07-09,Brady Singer,UNDER,5.5,5.0,,PHI @ CIN,
2026-07-09,Logan Henderson,NO LINE,,4.0,,MIL @ STL,
2026-07-09,Andre Pallante,OVER,3.5,2.0,,MIL @ STL,
2026-07-09,Reid Detmers,UNDER,5.5,6.0,,LAA @ TEX,
2026-07-09,Nathan Eovaldi,OVER,6.5,10.0,,LAA @ TEX,
